{"stats":{"minecraft:custom":{"minecraft:time_since_rest":4139,"minecraft:crouch_one_cm":235,"minecraft:sprint_one_cm":7307,"minecraft:play_time":14015,"minecraft:deaths":1,"minecraft:damage_taken":270,"minecraft:walk_one_cm":56704,"minecraft:sneak_time":194,"minecraft:mob_kills":1,"minecraft:jump":24,"minecraft:damage_dealt":278,"minecraft:leave_game":11,"minecraft:time_since_death":4077,"minecraft:total_world_time":23005,"minecraft:fly_one_cm":48285},"minecraft:mined":{"minecraft:large_fern":1},"minecraft:used":{"modificationpart:zombie_easy_not_light_eyes_spawn_egg":11,"modificationpart:zombie_hard_not_lighting_eyes_spawn_egg":6,"modificationpart:zombie_middle_not_lighting_eyes_spawn_egg":5,"modificationpart:zombie_hard_spawn_egg":1,"modificationpart:zombie_middle_spawn_egg":1,"modificationpart:zombie_easy_spawn_egg":1,"minecraft:zombie_spawn_egg":1},"minecraft:killed_by":{"modificationpart:zombie_middle_not_lighting_eyes":1},"minecraft:killed":{"modificationpart:zombie_hard_not_lighting_eyes":1}},"DataVersion":3120}